datei_id,uploader_email,dateiname,tarifverbund_id,dateityp,jahr,monat,zusatzinfo,zeilenanzahl,summe_eur,speicher_url,status,erstellt_am,erstellt_von_user_id,geaendert_am,geaendert_von_user_id
1,user64@example.org,TICKET_VERKAEUFE_TV12_2024_09_v1.csv,12,TICKET_VERKAEUFE,2024,9,v1,3567,1718856.08,https://storage.example.org/mock/2024/09/TICKET_VERKAEUFE_TV12_2024_09_v1.csv,processed,2025-05-06 12:28:26,11,2025-09-02 07:12:11,29
2,user33@example.org,PLAN_UMSATZ_TV9_2025_05_v1.csv,9,PLAN_UMSATZ,2025,5,v1,3479,944817.39,https://storage.example.org/mock/2025/05/PLAN_UMSATZ_TV9_2025_05_v1.csv,failed,2024-08-14 10:49:41,38,,
3,user25@example.org,TICKET_VERKAEUFE_TV12_2024_03.csv,12,TICKET_VERKAEUFE,2024,3,,2270,1100656.31,https://storage.example.org/mock/2024/03/TICKET_VERKAEUFE_TV12_2024_03.csv,processing,2024-07-30 19:53:06,55,,
4,user17@example.org,PLAN_UMSATZ_TV9_2024_07.csv,9,PLAN_UMSATZ,2024,7,,1140,116815.98,https://storage.example.org/mock/2024/07/PLAN_UMSATZ_TV9_2024_07.csv,failed,2025-11-24 02:54:08,20,2024-04-13 06:03:13,
5,user55@example.org,TICKET_VERKAEUFE_TV8_2025_09.csv,8,TICKET_VERKAEUFE,2025,9,,4328,1206649.63,https://storage.example.org/mock/2025/09/TICKET_VERKAEUFE_TV8_2025_09.csv,processed,2024-04-27 12:41:10,58,2025-04-23 08:27:35,61
6,user5@example.org,TICKET_VERKAEUFE_TV9_2025_07.csv,9,TICKET_VERKAEUFE,2025,7,,2899,1817258.01,https://storage.example.org/mock/2025/07/TICKET_VERKAEUFE_TV9_2025_07.csv,processed,2025-04-07 23:29:40,75,,
7,user36@example.org,SONSTIGE_ANGEBOTE_TV16_2024_04.csv,16,SONSTIGE_ANGEBOTE,2024,4,,2734,1628828.1,https://storage.example.org/mock/2024/04/SONSTIGE_ANGEBOTE_TV16_2024_04.csv,failed,2025-09-02 19:10:14,55,,12
8,user47@example.org,SONSTIGE_ANGEBOTE_TV13_2024_02_v1.csv,13,SONSTIGE_ANGEBOTE,2024,2,v1,1886,448649.64,https://storage.example.org/mock/2024/02/SONSTIGE_ANGEBOTE_TV13_2024_02_v1.csv,uploaded,2024-06-17 22:56:36,38,,
9,user56@example.org,TICKET_VERKAEUFE_TV5_2024_08_korrigiert.csv,5,TICKET_VERKAEUFE,2024,8,korrigiert,2690,846511.83,https://storage.example.org/mock/2024/08/TICKET_VERKAEUFE_TV5_2024_08_korrigiert.csv,processed,2025-06-09 08:52:28,65,,
10,user11@example.org,PLAN_UMSATZ_TV2_2024_06_final.csv,2,PLAN_UMSATZ,2024,6,final,287,631188.81,https://storage.example.org/mock/2024/06/PLAN_UMSATZ_TV2_2024_06_final.csv,processed,2025-04-14 14:04:30,51,2024-04-20 09:50:15,
11,user61@example.org,SONSTIGE_ANGEBOTE_TV5_2025_02.csv,5,SONSTIGE_ANGEBOTE,2025,2,,2683,691455.96,https://storage.example.org/mock/2025/02/SONSTIGE_ANGEBOTE_TV5_2025_02.csv,processed,2024-11-01 11:00:19,33,2024-01-22 16:08:45,
12,user33@example.org,TICKET_VERKAEUFE_TV2_2024_11_testlauf.csv,2,TICKET_VERKAEUFE,2024,11,testlauf,591,1370349.55,https://storage.example.org/mock/2024/11/TICKET_VERKAEUFE_TV2_2024_11_testlauf.csv,processed,2025-10-05 13:32:14,,,
13,user48@example.org,PLAN_UMSATZ_TV4_2024_11.csv,4,PLAN_UMSATZ,2024,11,,4031,10244.36,https://storage.example.org/mock/2024/11/PLAN_UMSATZ_TV4_2024_11.csv,uploaded,2025-01-03 11:25:57,68,2025-11-04 16:43:33,
14,user13@example.org,SONSTIGE_ANGEBOTE_TV15_2025_03_v1.csv,15,SONSTIGE_ANGEBOTE,2025,3,v1,4873,1628508.15,https://storage.example.org/mock/2025/03/SONSTIGE_ANGEBOTE_TV15_2025_03_v1.csv,processed,2024-01-01 13:56:35,30,2025-02-10 18:30:14,7
15,user78@example.org,SONSTIGE_ANGEBOTE_TV4_2025_08_korrigiert.csv,4,SONSTIGE_ANGEBOTE,2025,8,korrigiert,2081,1310729.11,https://storage.example.org/mock/2025/08/SONSTIGE_ANGEBOTE_TV4_2025_08_korrigiert.csv,uploaded,2024-01-31 20:45:21,15,,23
16,user35@example.org,SONSTIGE_ANGEBOTE_TV13_2025_05_v1.csv,13,SONSTIGE_ANGEBOTE,2025,5,v1,3735,1893168.28,https://storage.example.org/mock/2025/05/SONSTIGE_ANGEBOTE_TV13_2025_05_v1.csv,failed,2024-06-22 10:51:23,78,,38
17,user63@example.org,SONSTIGE_ANGEBOTE_TV20_2024_02_v1.csv,20,SONSTIGE_ANGEBOTE,2024,2,v1,2538,288866.88,https://storage.example.org/mock/2024/02/SONSTIGE_ANGEBOTE_TV20_2024_02_v1.csv,processing,2025-02-18 05:02:19,,,
18,user1@example.org,TICKET_VERKAEUFE_TV4_2025_12.csv,4,TICKET_VERKAEUFE,2025,12,,4797,769189.07,https://storage.example.org/mock/2025/12/TICKET_VERKAEUFE_TV4_2025_12.csv,processed,2025-09-28 19:38:38,43,,
19,user11@example.org,PLAN_UMSATZ_TV4_2025_04.csv,4,PLAN_UMSATZ,2025,4,,3183,1747431.23,https://storage.example.org/mock/2025/04/PLAN_UMSATZ_TV4_2025_04.csv,processed,2025-07-15 17:37:46,11,2024-09-22 12:29:46,68
20,user71@example.org,TICKET_VERKAEUFE_TV1_2024_10.csv,1,TICKET_VERKAEUFE,2024,10,,4342,1850784.79,https://storage.example.org/mock/2024/10/TICKET_VERKAEUFE_TV1_2024_10.csv,processing,2024-08-02 17:27:18,,2024-11-25 21:01:48,
21,user42@example.org,PLAN_UMSATZ_TV1_2024_04.csv,1,PLAN_UMSATZ,2024,4,,4063,720803.5,https://storage.example.org/mock/2024/04/PLAN_UMSATZ_TV1_2024_04.csv,processing,2024-06-21 07:50:41,37,2024-12-15 02:57:54,
22,user33@example.org,SONSTIGE_ANGEBOTE_TV5_2025_07.csv,5,SONSTIGE_ANGEBOTE,2025,7,,2987,1448417.64,https://storage.example.org/mock/2025/07/SONSTIGE_ANGEBOTE_TV5_2025_07.csv,processed,2025-10-21 20:05:19,9,,63
23,user14@example.org,PLAN_UMSATZ_TV11_2025_04.csv,11,PLAN_UMSATZ,2025,4,,4706,1509525.51,https://storage.example.org/mock/2025/04/PLAN_UMSATZ_TV11_2025_04.csv,processed,2024-08-16 06:20:22,15,,
24,user59@example.org,TICKET_VERKAEUFE_TV13_2024_04_v1.csv,13,TICKET_VERKAEUFE,2024,4,v1,3644,808289.29,https://storage.example.org/mock/2024/04/TICKET_VERKAEUFE_TV13_2024_04_v1.csv,uploaded,2024-05-18 05:08:09,13,2025-07-18 20:01:42,
25,user26@example.org,PLAN_UMSATZ_TV10_2025_05.csv,10,PLAN_UMSATZ,2025,5,,4193,1952141.73,https://storage.example.org/mock/2025/05/PLAN_UMSATZ_TV10_2025_05.csv,failed,2025-04-28 16:58:40,48,,69
26,user17@example.org,PLAN_UMSATZ_TV3_2024_12_v1.csv,3,PLAN_UMSATZ,2024,12,v1,2517,1256832.27,https://storage.example.org/mock/2024/12/PLAN_UMSATZ_TV3_2024_12_v1.csv,processing,2025-08-05 08:02:48,70,2024-10-31 10:57:53,28
27,user54@example.org,PLAN_UMSATZ_TV5_2024_05.csv,5,PLAN_UMSATZ,2024,5,,314,860401.41,https://storage.example.org/mock/2024/05/PLAN_UMSATZ_TV5_2024_05.csv,processed,2024-04-20 00:22:53,1,2024-10-15 20:21:58,
28,user58@example.org,PLAN_UMSATZ_TV7_2025_06_korrigiert.csv,7,PLAN_UMSATZ,2025,6,korrigiert,4348,1042759.97,https://storage.example.org/mock/2025/06/PLAN_UMSATZ_TV7_2025_06_korrigiert.csv,uploaded,2024-06-16 22:05:52,39,,
29,user78@example.org,SONSTIGE_ANGEBOTE_TV10_2024_09.csv,10,SONSTIGE_ANGEBOTE,2024,9,,1043,386543.81,https://storage.example.org/mock/2024/09/SONSTIGE_ANGEBOTE_TV10_2024_09.csv,uploaded,2024-01-25 19:44:35,4,,
30,user72@example.org,PLAN_UMSATZ_TV6_2024_11_korrigiert.csv,6,PLAN_UMSATZ,2024,11,korrigiert,2904,226265.73,https://storage.example.org/mock/2024/11/PLAN_UMSATZ_TV6_2024_11_korrigiert.csv,processed,2024-06-08 03:46:00,,2024-09-28 12:07:53,
31,user35@example.org,PLAN_UMSATZ_TV6_2025_01.csv,6,PLAN_UMSATZ,2025,1,,617,551614.04,https://storage.example.org/mock/2025/01/PLAN_UMSATZ_TV6_2025_01.csv,processing,2025-12-08 15:39:22,29,,
32,user60@example.org,TICKET_VERKAEUFE_TV14_2024_03.csv,14,TICKET_VERKAEUFE,2024,3,,158,1050939.44,https://storage.example.org/mock/2024/03/TICKET_VERKAEUFE_TV14_2024_03.csv,processed,2025-01-30 09:55:36,61,,
33,user61@example.org,PLAN_UMSATZ_TV17_2025_05.csv,17,PLAN_UMSATZ,2025,5,,4049,190255.53,https://storage.example.org/mock/2025/05/PLAN_UMSATZ_TV17_2025_05.csv,uploaded,2024-03-21 12:45:30,17,2024-08-09 19:12:53,59
34,user78@example.org,TICKET_VERKAEUFE_TV11_2024_05_testlauf.csv,11,TICKET_VERKAEUFE,2024,5,testlauf,652,522683.76,https://storage.example.org/mock/2024/05/TICKET_VERKAEUFE_TV11_2024_05_testlauf.csv,uploaded,2025-03-17 13:20:10,16,,
35,user44@example.org,PLAN_UMSATZ_TV10_2025_03_v1.csv,10,PLAN_UMSATZ,2025,3,v1,3192,814124.84,https://storage.example.org/mock/2025/03/PLAN_UMSATZ_TV10_2025_03_v1.csv,processing,2025-10-15 13:44:04,79,,
36,user51@example.org,PLAN_UMSATZ_TV17_2025_05.csv,17,PLAN_UMSATZ,2025,5,,3579,71146.75,https://storage.example.org/mock/2025/05/PLAN_UMSATZ_TV17_2025_05.csv,uploaded,2024-04-08 23:13:02,8,,
37,user37@example.org,PLAN_UMSATZ_TV6_2025_07_final.csv,6,PLAN_UMSATZ,2025,7,final,1761,1536901.91,https://storage.example.org/mock/2025/07/PLAN_UMSATZ_TV6_2025_07_final.csv,processed,2025-06-03 03:21:30,46,2025-02-20 17:04:50,
38,user1@example.org,SONSTIGE_ANGEBOTE_TV8_2024_04.csv,8,SONSTIGE_ANGEBOTE,2024,4,,976,1626291.37,https://storage.example.org/mock/2024/04/SONSTIGE_ANGEBOTE_TV8_2024_04.csv,uploaded,2024-02-24 17:28:34,17,,
39,user69@example.org,PLAN_UMSATZ_TV17_2025_04.csv,17,PLAN_UMSATZ,2025,4,,4247,283313.64,https://storage.example.org/mock/2025/04/PLAN_UMSATZ_TV17_2025_04.csv,uploaded,2025-05-12 19:40:28,53,2025-08-30 00:56:18,
40,user43@example.org,TICKET_VERKAEUFE_TV1_2024_01.csv,1,TICKET_VERKAEUFE,2024,1,,3998,1137899.51,https://storage.example.org/mock/2024/01/TICKET_VERKAEUFE_TV1_2024_01.csv,failed,2024-10-01 10:06:20,19,2025-03-07 08:55:14,
41,user33@example.org,PLAN_UMSATZ_TV15_2024_02_final.csv,15,PLAN_UMSATZ,2024,2,final,1326,110546.73,https://storage.example.org/mock/2024/02/PLAN_UMSATZ_TV15_2024_02_final.csv,uploaded,2024-08-07 06:51:38,42,,
42,user47@example.org,TICKET_VERKAEUFE_TV13_2025_07_testlauf.csv,13,TICKET_VERKAEUFE,2025,7,testlauf,4125,1212190.05,https://storage.example.org/mock/2025/07/TICKET_VERKAEUFE_TV13_2025_07_testlauf.csv,failed,2025-04-18 04:43:55,29,2024-06-14 10:07:20,10
43,user29@example.org,PLAN_UMSATZ_TV1_2024_05_final.csv,1,PLAN_UMSATZ,2024,5,final,3334,1941457.36,https://storage.example.org/mock/2024/05/PLAN_UMSATZ_TV1_2024_05_final.csv,processing,2024-01-13 20:21:52,2,,
44,user49@example.org,SONSTIGE_ANGEBOTE_TV19_2025_10_testlauf.csv,19,SONSTIGE_ANGEBOTE,2025,10,testlauf,2876,369926.43,https://storage.example.org/mock/2025/10/SONSTIGE_ANGEBOTE_TV19_2025_10_testlauf.csv,processing,2025-01-14 10:08:32,25,,
45,user73@example.org,SONSTIGE_ANGEBOTE_TV19_2025_12_final.csv,19,SONSTIGE_ANGEBOTE,2025,12,final,1555,1403424.58,https://storage.example.org/mock/2025/12/SONSTIGE_ANGEBOTE_TV19_2025_12_final.csv,processed,2024-04-16 20:57:14,,,
46,user57@example.org,TICKET_VERKAEUFE_TV6_2025_03.csv,6,TICKET_VERKAEUFE,2025,3,,4906,1311876.95,https://storage.example.org/mock/2025/03/TICKET_VERKAEUFE_TV6_2025_03.csv,failed,2025-11-01 23:27:35,,2024-09-17 22:45:16,2
47,user28@example.org,TICKET_VERKAEUFE_TV9_2024_01.csv,9,TICKET_VERKAEUFE,2024,1,,1993,773441.86,https://storage.example.org/mock/2024/01/TICKET_VERKAEUFE_TV9_2024_01.csv,processed,2025-11-26 09:55:59,18,2025-02-10 03:30:57,
48,user37@example.org,PLAN_UMSATZ_TV5_2025_12.csv,5,PLAN_UMSATZ,2025,12,,991,369322.55,https://storage.example.org/mock/2025/12/PLAN_UMSATZ_TV5_2025_12.csv,processed,2024-07-31 03:26:37,67,2024-03-16 04:46:51,
49,user52@example.org,SONSTIGE_ANGEBOTE_TV3_2024_12.csv,3,SONSTIGE_ANGEBOTE,2024,12,,1780,809152.48,https://storage.example.org/mock/2024/12/SONSTIGE_ANGEBOTE_TV3_2024_12.csv,processed,2024-02-02 13:28:30,32,,67
50,user40@example.org,SONSTIGE_ANGEBOTE_TV10_2024_05_v1.csv,10,SONSTIGE_ANGEBOTE,2024,5,v1,2534,1505864.27,https://storage.example.org/mock/2024/05/SONSTIGE_ANGEBOTE_TV10_2024_05_v1.csv,processed,2025-12-29 16:36:44,,2024-11-03 06:45:35,79
51,user64@example.org,SONSTIGE_ANGEBOTE_TV18_2025_09_v1.csv,18,SONSTIGE_ANGEBOTE,2025,9,v1,3952,1712184.93,https://storage.example.org/mock/2025/09/SONSTIGE_ANGEBOTE_TV18_2025_09_v1.csv,processed,2025-01-09 15:27:41,77,,
52,user3@example.org,PLAN_UMSATZ_TV18_2025_05.csv,18,PLAN_UMSATZ,2025,5,,129,1091546.04,https://storage.example.org/mock/2025/05/PLAN_UMSATZ_TV18_2025_05.csv,processing,2024-02-11 06:25:51,73,2025-06-22 10:22:52,30
53,user38@example.org,TICKET_VERKAEUFE_TV13_2024_12_final.csv,13,TICKET_VERKAEUFE,2024,12,final,1770,1441436.85,https://storage.example.org/mock/2024/12/TICKET_VERKAEUFE_TV13_2024_12_final.csv,uploaded,2024-10-12 11:12:59,40,,46
54,user75@example.org,SONSTIGE_ANGEBOTE_TV11_2025_08_final.csv,11,SONSTIGE_ANGEBOTE,2025,8,final,2322,1059195.4,https://storage.example.org/mock/2025/08/SONSTIGE_ANGEBOTE_TV11_2025_08_final.csv,processed,2024-07-03 23:56:01,49,2024-05-30 04:32:23,19
55,user69@example.org,SONSTIGE_ANGEBOTE_TV14_2025_08.csv,14,SONSTIGE_ANGEBOTE,2025,8,,1282,1138201.02,https://storage.example.org/mock/2025/08/SONSTIGE_ANGEBOTE_TV14_2025_08.csv,processing,2025-08-18 00:51:57,59,,
56,user58@example.org,SONSTIGE_ANGEBOTE_TV12_2025_03_korrigiert.csv,12,SONSTIGE_ANGEBOTE,2025,3,korrigiert,2521,220810.67,https://storage.example.org/mock/2025/03/SONSTIGE_ANGEBOTE_TV12_2025_03_korrigiert.csv,failed,2024-08-03 17:47:18,73,2025-01-18 18:15:10,
57,user1@example.org,PLAN_UMSATZ_TV18_2024_08_korrigiert.csv,18,PLAN_UMSATZ,2024,8,korrigiert,4986,1355373.91,https://storage.example.org/mock/2024/08/PLAN_UMSATZ_TV18_2024_08_korrigiert.csv,processed,2025-01-15 19:49:45,68,,25
58,user52@example.org,TICKET_VERKAEUFE_TV18_2024_05_testlauf.csv,18,TICKET_VERKAEUFE,2024,5,testlauf,226,1832843.41,https://storage.example.org/mock/2024/05/TICKET_VERKAEUFE_TV18_2024_05_testlauf.csv,uploaded,2024-08-06 13:23:39,69,,73
59,user8@example.org,TICKET_VERKAEUFE_TV4_2025_09.csv,4,TICKET_VERKAEUFE,2025,9,,970,1840746.34,https://storage.example.org/mock/2025/09/TICKET_VERKAEUFE_TV4_2025_09.csv,processing,2025-06-21 19:28:55,44,2025-08-07 13:46:41,
60,user5@example.org,SONSTIGE_ANGEBOTE_TV4_2025_10.csv,4,SONSTIGE_ANGEBOTE,2025,10,,375,129550.88,https://storage.example.org/mock/2025/10/SONSTIGE_ANGEBOTE_TV4_2025_10.csv,processed,2024-02-14 16:53:37,20,,
61,user44@example.org,SONSTIGE_ANGEBOTE_TV14_2025_11.csv,14,SONSTIGE_ANGEBOTE,2025,11,,1013,73066.95,https://storage.example.org/mock/2025/11/SONSTIGE_ANGEBOTE_TV14_2025_11.csv,processed,2025-12-28 15:10:45,21,2024-04-19 02:45:57,65
62,user34@example.org,PLAN_UMSATZ_TV2_2025_03_v1.csv,2,PLAN_UMSATZ,2025,3,v1,1635,1288725.05,https://storage.example.org/mock/2025/03/PLAN_UMSATZ_TV2_2025_03_v1.csv,processed,2024-08-07 14:57:39,29,2024-12-15 05:24:13,57
63,user13@example.org,PLAN_UMSATZ_TV13_2024_09.csv,13,PLAN_UMSATZ,2024,9,,282,302283.6,https://storage.example.org/mock/2024/09/PLAN_UMSATZ_TV13_2024_09.csv,processed,2024-09-06 11:30:46,33,2024-07-25 10:51:56,43
64,user69@example.org,SONSTIGE_ANGEBOTE_TV7_2024_11_v1.csv,7,SONSTIGE_ANGEBOTE,2024,11,v1,1468,39781.19,https://storage.example.org/mock/2024/11/SONSTIGE_ANGEBOTE_TV7_2024_11_v1.csv,processed,2025-03-15 08:34:00,59,2024-08-30 23:11:53,
65,user21@example.org,SONSTIGE_ANGEBOTE_TV11_2025_04_final.csv,11,SONSTIGE_ANGEBOTE,2025,4,final,1242,1188219.21,https://storage.example.org/mock/2025/04/SONSTIGE_ANGEBOTE_TV11_2025_04_final.csv,processed,2024-11-06 02:16:51,,,
66,user75@example.org,TICKET_VERKAEUFE_TV4_2025_04_v1.csv,4,TICKET_VERKAEUFE,2025,4,v1,4483,412882.39,https://storage.example.org/mock/2025/04/TICKET_VERKAEUFE_TV4_2025_04_v1.csv,processed,2024-08-30 03:17:14,26,,35
67,user5@example.org,PLAN_UMSATZ_TV5_2024_01_korrigiert.csv,5,PLAN_UMSATZ,2024,1,korrigiert,4671,450518.53,https://storage.example.org/mock/2024/01/PLAN_UMSATZ_TV5_2024_01_korrigiert.csv,processed,2025-07-26 23:02:04,8,2024-03-15 22:45:31,
68,user28@example.org,SONSTIGE_ANGEBOTE_TV3_2024_01_v1.csv,3,SONSTIGE_ANGEBOTE,2024,1,v1,1532,1638094.69,https://storage.example.org/mock/2024/01/SONSTIGE_ANGEBOTE_TV3_2024_01_v1.csv,processing,2024-08-11 07:26:54,,2025-11-07 06:54:18,
69,user5@example.org,TICKET_VERKAEUFE_TV9_2025_10_final.csv,9,TICKET_VERKAEUFE,2025,10,final,1132,1249612.02,https://storage.example.org/mock/2025/10/TICKET_VERKAEUFE_TV9_2025_10_final.csv,uploaded,2024-10-20 14:02:16,80,,73
70,user65@example.org,TICKET_VERKAEUFE_TV20_2024_10_testlauf.csv,20,TICKET_VERKAEUFE,2024,10,testlauf,3055,789872.88,https://storage.example.org/mock/2024/10/TICKET_VERKAEUFE_TV20_2024_10_testlauf.csv,processed,2024-03-06 14:40:47,30,,12
71,user80@example.org,PLAN_UMSATZ_TV9_2024_01.csv,9,PLAN_UMSATZ,2024,1,,168,537323.53,https://storage.example.org/mock/2024/01/PLAN_UMSATZ_TV9_2024_01.csv,processed,2024-06-03 06:45:31,13,2024-02-04 12:50:53,28
72,user43@example.org,PLAN_UMSATZ_TV17_2024_06.csv,17,PLAN_UMSATZ,2024,6,,367,384688.78,https://storage.example.org/mock/2024/06/PLAN_UMSATZ_TV17_2024_06.csv,processed,2025-02-03 07:44:03,48,2024-03-31 10:58:58,
73,user3@example.org,SONSTIGE_ANGEBOTE_TV17_2024_02_final.csv,17,SONSTIGE_ANGEBOTE,2024,2,final,4803,1185707.56,https://storage.example.org/mock/2024/02/SONSTIGE_ANGEBOTE_TV17_2024_02_final.csv,failed,2025-07-02 12:35:22,77,,29
74,user50@example.org,TICKET_VERKAEUFE_TV6_2025_06_korrigiert.csv,6,TICKET_VERKAEUFE,2025,6,korrigiert,3052,1213796.38,https://storage.example.org/mock/2025/06/TICKET_VERKAEUFE_TV6_2025_06_korrigiert.csv,processed,2024-06-30 07:49:32,57,2024-05-08 01:27:42,
75,user48@example.org,SONSTIGE_ANGEBOTE_TV3_2024_06.csv,3,SONSTIGE_ANGEBOTE,2024,6,,1840,626811.87,https://storage.example.org/mock/2024/06/SONSTIGE_ANGEBOTE_TV3_2024_06.csv,processed,2025-12-10 10:01:16,18,,
76,user37@example.org,TICKET_VERKAEUFE_TV14_2024_10.csv,14,TICKET_VERKAEUFE,2024,10,,3376,1892191.32,https://storage.example.org/mock/2024/10/TICKET_VERKAEUFE_TV14_2024_10.csv,processing,2025-01-08 23:06:43,59,2025-04-17 20:17:54,62
77,user54@example.org,TICKET_VERKAEUFE_TV9_2025_04.csv,9,TICKET_VERKAEUFE,2025,4,,3869,1565105.01,https://storage.example.org/mock/2025/04/TICKET_VERKAEUFE_TV9_2025_04.csv,uploaded,2025-05-21 16:19:19,80,2025-08-24 21:32:17,1
78,user50@example.org,TICKET_VERKAEUFE_TV10_2024_11_v1.csv,10,TICKET_VERKAEUFE,2024,11,v1,905,1574093.71,https://storage.example.org/mock/2024/11/TICKET_VERKAEUFE_TV10_2024_11_v1.csv,processed,2024-03-08 04:34:48,9,2024-11-01 16:37:42,
79,user75@example.org,SONSTIGE_ANGEBOTE_TV1_2024_12_v1.csv,1,SONSTIGE_ANGEBOTE,2024,12,v1,2335,209921.57,https://storage.example.org/mock/2024/12/SONSTIGE_ANGEBOTE_TV1_2024_12_v1.csv,processed,2025-03-18 03:32:53,24,,31
80,user47@example.org,PLAN_UMSATZ_TV18_2024_12_testlauf.csv,18,PLAN_UMSATZ,2024,12,testlauf,2923,1614020.15,https://storage.example.org/mock/2024/12/PLAN_UMSATZ_TV18_2024_12_testlauf.csv,uploaded,2025-01-14 17:55:26,13,2025-01-05 16:56:20,25
81,user49@example.org,SONSTIGE_ANGEBOTE_TV11_2024_08_korrigiert.csv,11,SONSTIGE_ANGEBOTE,2024,8,korrigiert,1184,1160220.2,https://storage.example.org/mock/2024/08/SONSTIGE_ANGEBOTE_TV11_2024_08_korrigiert.csv,processed,2025-08-03 18:19:57,63,,
82,user77@example.org,TICKET_VERKAEUFE_TV10_2025_08_korrigiert.csv,10,TICKET_VERKAEUFE,2025,8,korrigiert,3145,1102953.58,https://storage.example.org/mock/2025/08/TICKET_VERKAEUFE_TV10_2025_08_korrigiert.csv,uploaded,2024-07-03 13:08:09,47,2024-01-25 22:53:49,50
83,user25@example.org,PLAN_UMSATZ_TV20_2024_12_final.csv,20,PLAN_UMSATZ,2024,12,final,2685,767346.96,https://storage.example.org/mock/2024/12/PLAN_UMSATZ_TV20_2024_12_final.csv,failed,2024-03-23 19:33:24,38,2024-02-04 18:20:57,30
84,user65@example.org,SONSTIGE_ANGEBOTE_TV10_2024_09_korrigiert.csv,10,SONSTIGE_ANGEBOTE,2024,9,korrigiert,4569,427330.59,https://storage.example.org/mock/2024/09/SONSTIGE_ANGEBOTE_TV10_2024_09_korrigiert.csv,failed,2025-07-13 23:50:52,72,,45
85,user3@example.org,PLAN_UMSATZ_TV11_2025_01_korrigiert.csv,11,PLAN_UMSATZ,2025,1,korrigiert,1623,389394.49,https://storage.example.org/mock/2025/01/PLAN_UMSATZ_TV11_2025_01_korrigiert.csv,processed,2024-04-24 23:03:22,63,2025-04-14 06:42:30,34
86,user57@example.org,PLAN_UMSATZ_TV18_2025_06.csv,18,PLAN_UMSATZ,2025,6,,3284,1492670.86,https://storage.example.org/mock/2025/06/PLAN_UMSATZ_TV18_2025_06.csv,uploaded,2025-09-19 11:14:43,16,,
87,user46@example.org,PLAN_UMSATZ_TV4_2025_04.csv,4,PLAN_UMSATZ,2025,4,,3039,1214395.93,https://storage.example.org/mock/2025/04/PLAN_UMSATZ_TV4_2025_04.csv,processed,2025-01-20 23:26:17,26,,
88,user26@example.org,PLAN_UMSATZ_TV4_2024_07.csv,4,PLAN_UMSATZ,2024,7,,743,554616.23,https://storage.example.org/mock/2024/07/PLAN_UMSATZ_TV4_2024_07.csv,processed,2024-10-13 19:40:40,39,,
89,user56@example.org,SONSTIGE_ANGEBOTE_TV9_2025_11_final.csv,9,SONSTIGE_ANGEBOTE,2025,11,final,3677,1633658.72,https://storage.example.org/mock/2025/11/SONSTIGE_ANGEBOTE_TV9_2025_11_final.csv,processing,2024-04-17 14:23:30,53,,
90,user63@example.org,PLAN_UMSATZ_TV9_2024_04_testlauf.csv,9,PLAN_UMSATZ,2024,4,testlauf,3730,408436.0,https://storage.example.org/mock/2024/04/PLAN_UMSATZ_TV9_2024_04_testlauf.csv,processed,2024-08-27 18:40:00,8,2025-08-02 22:22:05,
91,user33@example.org,PLAN_UMSATZ_TV19_2025_08.csv,19,PLAN_UMSATZ,2025,8,,2105,1559351.52,https://storage.example.org/mock/2025/08/PLAN_UMSATZ_TV19_2025_08.csv,processed,2025-11-10 02:37:28,76,,
92,user15@example.org,SONSTIGE_ANGEBOTE_TV13_2025_12_testlauf.csv,13,SONSTIGE_ANGEBOTE,2025,12,testlauf,378,552488.32,https://storage.example.org/mock/2025/12/SONSTIGE_ANGEBOTE_TV13_2025_12_testlauf.csv,processing,2024-11-21 00:21:22,2,,
93,user78@example.org,SONSTIGE_ANGEBOTE_TV17_2024_06.csv,17,SONSTIGE_ANGEBOTE,2024,6,,1823,1475600.52,https://storage.example.org/mock/2024/06/SONSTIGE_ANGEBOTE_TV17_2024_06.csv,processed,2025-10-15 15:43:44,53,,51
94,user45@example.org,PLAN_UMSATZ_TV13_2025_11.csv,13,PLAN_UMSATZ,2025,11,,1310,1055918.25,https://storage.example.org/mock/2025/11/PLAN_UMSATZ_TV13_2025_11.csv,uploaded,2025-01-19 20:50:08,9,,
95,user77@example.org,SONSTIGE_ANGEBOTE_TV17_2025_07_korrigiert.csv,17,SONSTIGE_ANGEBOTE,2025,7,korrigiert,832,767644.99,https://storage.example.org/mock/2025/07/SONSTIGE_ANGEBOTE_TV17_2025_07_korrigiert.csv,uploaded,2025-11-11 11:05:39,,2025-01-09 01:55:43,40
96,user69@example.org,SONSTIGE_ANGEBOTE_TV18_2024_12.csv,18,SONSTIGE_ANGEBOTE,2024,12,,2906,357225.94,https://storage.example.org/mock/2024/12/SONSTIGE_ANGEBOTE_TV18_2024_12.csv,uploaded,2025-08-19 13:19:09,76,2024-06-02 21:13:37,12
97,user41@example.org,SONSTIGE_ANGEBOTE_TV16_2025_11_testlauf.csv,16,SONSTIGE_ANGEBOTE,2025,11,testlauf,274,636441.91,https://storage.example.org/mock/2025/11/SONSTIGE_ANGEBOTE_TV16_2025_11_testlauf.csv,uploaded,2025-02-08 11:22:01,65,,
98,user7@example.org,PLAN_UMSATZ_TV8_2024_04.csv,8,PLAN_UMSATZ,2024,4,,1847,615845.19,https://storage.example.org/mock/2024/04/PLAN_UMSATZ_TV8_2024_04.csv,processed,2025-08-06 04:55:12,28,2024-04-19 00:58:29,33
99,user57@example.org,TICKET_VERKAEUFE_TV16_2024_05_v1.csv,16,TICKET_VERKAEUFE,2024,5,v1,638,927868.35,https://storage.example.org/mock/2024/05/TICKET_VERKAEUFE_TV16_2024_05_v1.csv,uploaded,2024-09-24 23:28:45,77,,
100,user39@example.org,SONSTIGE_ANGEBOTE_TV9_2024_10_testlauf.csv,9,SONSTIGE_ANGEBOTE,2024,10,testlauf,419,728937.68,https://storage.example.org/mock/2024/10/SONSTIGE_ANGEBOTE_TV9_2024_10_testlauf.csv,processed,2025-06-29 22:56:51,36,,8
101,user55@example.org,PLAN_UMSATZ_TV7_2025_06.csv,7,PLAN_UMSATZ,2025,6,,3121,355334.68,https://storage.example.org/mock/2025/06/PLAN_UMSATZ_TV7_2025_06.csv,uploaded,2024-05-24 13:04:43,52,2024-03-05 00:23:32,34
102,user26@example.org,SONSTIGE_ANGEBOTE_TV16_2025_10.csv,16,SONSTIGE_ANGEBOTE,2025,10,,3487,855633.88,https://storage.example.org/mock/2025/10/SONSTIGE_ANGEBOTE_TV16_2025_10.csv,processed,2024-05-02 03:29:13,23,,
103,user10@example.org,PLAN_UMSATZ_TV18_2024_04.csv,18,PLAN_UMSATZ,2024,4,,832,1588719.49,https://storage.example.org/mock/2024/04/PLAN_UMSATZ_TV18_2024_04.csv,processed,2024-07-04 18:39:52,40,,
104,user77@example.org,TICKET_VERKAEUFE_TV2_2024_09_testlauf.csv,2,TICKET_VERKAEUFE,2024,9,testlauf,1604,21375.63,https://storage.example.org/mock/2024/09/TICKET_VERKAEUFE_TV2_2024_09_testlauf.csv,processed,2024-01-04 16:05:50,,,12
105,user34@example.org,TICKET_VERKAEUFE_TV18_2025_04.csv,18,TICKET_VERKAEUFE,2025,4,,4460,1731728.45,https://storage.example.org/mock/2025/04/TICKET_VERKAEUFE_TV18_2025_04.csv,failed,2025-04-23 01:01:27,18,,5
106,user4@example.org,TICKET_VERKAEUFE_TV19_2024_12.csv,19,TICKET_VERKAEUFE,2024,12,,1708,1271132.21,https://storage.example.org/mock/2024/12/TICKET_VERKAEUFE_TV19_2024_12.csv,processing,2025-02-19 19:01:21,2,,7
107,user50@example.org,SONSTIGE_ANGEBOTE_TV6_2024_03_korrigiert.csv,6,SONSTIGE_ANGEBOTE,2024,3,korrigiert,4231,1074266.2,https://storage.example.org/mock/2024/03/SONSTIGE_ANGEBOTE_TV6_2024_03_korrigiert.csv,processed,2025-06-07 04:15:52,27,2025-02-09 11:31:49,30
108,user16@example.org,PLAN_UMSATZ_TV16_2024_11.csv,16,PLAN_UMSATZ,2024,11,,1073,820661.89,https://storage.example.org/mock/2024/11/PLAN_UMSATZ_TV16_2024_11.csv,processed,2025-08-14 08:57:04,,2024-09-17 06:48:07,63
109,user66@example.org,SONSTIGE_ANGEBOTE_TV7_2024_06_v1.csv,7,SONSTIGE_ANGEBOTE,2024,6,v1,753,1882022.57,https://storage.example.org/mock/2024/06/SONSTIGE_ANGEBOTE_TV7_2024_06_v1.csv,processing,2024-06-18 18:29:00,52,,
110,user14@example.org,SONSTIGE_ANGEBOTE_TV13_2025_12_testlauf.csv,13,SONSTIGE_ANGEBOTE,2025,12,testlauf,56,499985.12,https://storage.example.org/mock/2025/12/SONSTIGE_ANGEBOTE_TV13_2025_12_testlauf.csv,processing,2024-02-14 06:41:53,49,,
111,user9@example.org,TICKET_VERKAEUFE_TV14_2024_01_testlauf.csv,14,TICKET_VERKAEUFE,2024,1,testlauf,2129,1132100.48,https://storage.example.org/mock/2024/01/TICKET_VERKAEUFE_TV14_2024_01_testlauf.csv,processed,2025-02-10 06:42:56,56,,
112,user69@example.org,PLAN_UMSATZ_TV5_2024_06.csv,5,PLAN_UMSATZ,2024,6,,4364,1757159.93,https://storage.example.org/mock/2024/06/PLAN_UMSATZ_TV5_2024_06.csv,failed,2024-03-16 02:35:49,38,,
113,user62@example.org,PLAN_UMSATZ_TV1_2025_06_final.csv,1,PLAN_UMSATZ,2025,6,final,816,485454.91,https://storage.example.org/mock/2025/06/PLAN_UMSATZ_TV1_2025_06_final.csv,processed,2024-04-24 23:03:41,49,,
114,user16@example.org,TICKET_VERKAEUFE_TV5_2024_06.csv,5,TICKET_VERKAEUFE,2024,6,,2172,515958.2,https://storage.example.org/mock/2024/06/TICKET_VERKAEUFE_TV5_2024_06.csv,failed,2025-03-10 09:41:36,68,,
115,user57@example.org,SONSTIGE_ANGEBOTE_TV5_2024_09_korrigiert.csv,5,SONSTIGE_ANGEBOTE,2024,9,korrigiert,2088,1460396.69,https://storage.example.org/mock/2024/09/SONSTIGE_ANGEBOTE_TV5_2024_09_korrigiert.csv,processing,2024-08-12 22:02:16,68,,45
116,user61@example.org,SONSTIGE_ANGEBOTE_TV3_2025_08_final.csv,3,SONSTIGE_ANGEBOTE,2025,8,final,2242,592514.29,https://storage.example.org/mock/2025/08/SONSTIGE_ANGEBOTE_TV3_2025_08_final.csv,processed,2024-04-27 10:18:43,69,,61
117,user59@example.org,SONSTIGE_ANGEBOTE_TV2_2025_08_v1.csv,2,SONSTIGE_ANGEBOTE,2025,8,v1,1119,620135.75,https://storage.example.org/mock/2025/08/SONSTIGE_ANGEBOTE_TV2_2025_08_v1.csv,processed,2024-05-27 09:27:53,35,2024-08-10 03:33:36,
118,user62@example.org,SONSTIGE_ANGEBOTE_TV19_2025_04.csv,19,SONSTIGE_ANGEBOTE,2025,4,,396,820455.45,https://storage.example.org/mock/2025/04/SONSTIGE_ANGEBOTE_TV19_2025_04.csv,uploaded,2024-01-10 19:22:58,58,,37
119,user26@example.org,PLAN_UMSATZ_TV5_2024_06_testlauf.csv,5,PLAN_UMSATZ,2024,6,testlauf,2773,445648.8,https://storage.example.org/mock/2024/06/PLAN_UMSATZ_TV5_2024_06_testlauf.csv,processing,2025-12-27 06:22:37,21,2025-11-22 02:56:45,
120,user10@example.org,PLAN_UMSATZ_TV11_2025_07_v1.csv,11,PLAN_UMSATZ,2025,7,v1,1629,944049.33,https://storage.example.org/mock/2025/07/PLAN_UMSATZ_TV11_2025_07_v1.csv,processed,2024-05-15 03:11:32,77,,13
121,user33@example.org,TICKET_VERKAEUFE_TV11_2024_06.csv,11,TICKET_VERKAEUFE,2024,6,,1225,1016825.58,https://storage.example.org/mock/2024/06/TICKET_VERKAEUFE_TV11_2024_06.csv,processed,2025-02-08 17:53:01,1,2024-07-13 19:01:55,13
122,user35@example.org,PLAN_UMSATZ_TV5_2025_05_final.csv,5,PLAN_UMSATZ,2025,5,final,498,781295.44,https://storage.example.org/mock/2025/05/PLAN_UMSATZ_TV5_2025_05_final.csv,processed,2024-08-25 13:26:47,52,,
123,user1@example.org,PLAN_UMSATZ_TV4_2024_11.csv,4,PLAN_UMSATZ,2024,11,,1494,1180295.16,https://storage.example.org/mock/2024/11/PLAN_UMSATZ_TV4_2024_11.csv,failed,2025-09-25 00:38:57,,,
124,user37@example.org,TICKET_VERKAEUFE_TV2_2024_06_final.csv,2,TICKET_VERKAEUFE,2024,6,final,1499,1125535.28,https://storage.example.org/mock/2024/06/TICKET_VERKAEUFE_TV2_2024_06_final.csv,uploaded,2025-07-07 17:05:39,56,,4
125,user59@example.org,SONSTIGE_ANGEBOTE_TV7_2025_06_final.csv,7,SONSTIGE_ANGEBOTE,2025,6,final,250,1358601.33,https://storage.example.org/mock/2025/06/SONSTIGE_ANGEBOTE_TV7_2025_06_final.csv,processed,2025-10-30 15:11:54,4,2024-11-02 17:52:55,56
126,user12@example.org,TICKET_VERKAEUFE_TV12_2024_04.csv,12,TICKET_VERKAEUFE,2024,4,,1392,1077487.04,https://storage.example.org/mock/2024/04/TICKET_VERKAEUFE_TV12_2024_04.csv,processed,2025-05-20 06:26:24,,,
127,user42@example.org,SONSTIGE_ANGEBOTE_TV12_2024_10_v1.csv,12,SONSTIGE_ANGEBOTE,2024,10,v1,4885,1233705.48,https://storage.example.org/mock/2024/10/SONSTIGE_ANGEBOTE_TV12_2024_10_v1.csv,processed,2025-09-28 06:11:09,36,,
128,user77@example.org,SONSTIGE_ANGEBOTE_TV9_2024_07_v1.csv,9,SONSTIGE_ANGEBOTE,2024,7,v1,2639,738787.91,https://storage.example.org/mock/2024/07/SONSTIGE_ANGEBOTE_TV9_2024_07_v1.csv,processing,2024-01-11 23:11:25,60,,48
129,user21@example.org,TICKET_VERKAEUFE_TV7_2025_10.csv,7,TICKET_VERKAEUFE,2025,10,,115,1678121.17,https://storage.example.org/mock/2025/10/TICKET_VERKAEUFE_TV7_2025_10.csv,processed,2025-04-16 23:59:26,50,2024-11-15 06:09:56,
130,user56@example.org,SONSTIGE_ANGEBOTE_TV8_2025_02.csv,8,SONSTIGE_ANGEBOTE,2025,2,,2980,1645121.8,https://storage.example.org/mock/2025/02/SONSTIGE_ANGEBOTE_TV8_2025_02.csv,failed,2024-06-25 11:19:46,28,,63
131,user21@example.org,SONSTIGE_ANGEBOTE_TV18_2025_07_final.csv,18,SONSTIGE_ANGEBOTE,2025,7,final,4085,67046.6,https://storage.example.org/mock/2025/07/SONSTIGE_ANGEBOTE_TV18_2025_07_final.csv,uploaded,2024-04-16 16:06:57,26,,
132,user77@example.org,PLAN_UMSATZ_TV18_2025_01_final.csv,18,PLAN_UMSATZ,2025,1,final,1280,1879357.12,https://storage.example.org/mock/2025/01/PLAN_UMSATZ_TV18_2025_01_final.csv,uploaded,2025-05-21 23:14:25,48,,57
133,user72@example.org,TICKET_VERKAEUFE_TV11_2024_04_v1.csv,11,TICKET_VERKAEUFE,2024,4,v1,3288,1027735.12,https://storage.example.org/mock/2024/04/TICKET_VERKAEUFE_TV11_2024_04_v1.csv,processed,2024-07-02 14:05:52,43,2025-07-06 23:12:38,
134,user72@example.org,TICKET_VERKAEUFE_TV3_2024_08.csv,3,TICKET_VERKAEUFE,2024,8,,1834,1005471.72,https://storage.example.org/mock/2024/08/TICKET_VERKAEUFE_TV3_2024_08.csv,processing,2025-01-04 12:58:33,27,,
135,user2@example.org,PLAN_UMSATZ_TV5_2025_09_final.csv,5,PLAN_UMSATZ,2025,9,final,1969,461313.89,https://storage.example.org/mock/2025/09/PLAN_UMSATZ_TV5_2025_09_final.csv,processed,2024-12-21 18:26:02,65,,63
136,user43@example.org,PLAN_UMSATZ_TV8_2025_02_final.csv,8,PLAN_UMSATZ,2025,2,final,2429,805732.94,https://storage.example.org/mock/2025/02/PLAN_UMSATZ_TV8_2025_02_final.csv,processing,2025-04-14 08:48:46,,2025-10-05 07:05:05,
137,user31@example.org,PLAN_UMSATZ_TV7_2024_12.csv,7,PLAN_UMSATZ,2024,12,,3565,1982910.12,https://storage.example.org/mock/2024/12/PLAN_UMSATZ_TV7_2024_12.csv,processed,2025-11-08 07:25:03,4,2024-03-08 05:19:44,58
138,user64@example.org,PLAN_UMSATZ_TV10_2025_10_testlauf.csv,10,PLAN_UMSATZ,2025,10,testlauf,248,637289.26,https://storage.example.org/mock/2025/10/PLAN_UMSATZ_TV10_2025_10_testlauf.csv,uploaded,2024-06-14 16:24:20,1,2024-09-05 05:08:57,
139,user31@example.org,TICKET_VERKAEUFE_TV10_2025_06_korrigiert.csv,10,TICKET_VERKAEUFE,2025,6,korrigiert,3056,1312925.51,https://storage.example.org/mock/2025/06/TICKET_VERKAEUFE_TV10_2025_06_korrigiert.csv,uploaded,2024-08-06 13:11:55,67,,
140,user64@example.org,PLAN_UMSATZ_TV4_2025_12.csv,4,PLAN_UMSATZ,2025,12,,157,1271094.28,https://storage.example.org/mock/2025/12/PLAN_UMSATZ_TV4_2025_12.csv,processed,2025-10-12 17:30:49,11,,80
141,user17@example.org,PLAN_UMSATZ_TV8_2024_09_final.csv,8,PLAN_UMSATZ,2024,9,final,1128,291519.7,https://storage.example.org/mock/2024/09/PLAN_UMSATZ_TV8_2024_09_final.csv,processed,2024-07-06 17:26:10,16,2025-11-28 19:39:07,
142,user51@example.org,PLAN_UMSATZ_TV6_2025_07.csv,6,PLAN_UMSATZ,2025,7,,1763,61840.5,https://storage.example.org/mock/2025/07/PLAN_UMSATZ_TV6_2025_07.csv,processed,2025-12-27 19:29:56,7,2025-05-19 20:32:24,
143,user73@example.org,TICKET_VERKAEUFE_TV16_2024_02_v1.csv,16,TICKET_VERKAEUFE,2024,2,v1,3136,1565993.88,https://storage.example.org/mock/2024/02/TICKET_VERKAEUFE_TV16_2024_02_v1.csv,processed,2024-07-06 01:48:28,,,
144,user15@example.org,PLAN_UMSATZ_TV2_2025_04_testlauf.csv,2,PLAN_UMSATZ,2025,4,testlauf,2190,856616.29,https://storage.example.org/mock/2025/04/PLAN_UMSATZ_TV2_2025_04_testlauf.csv,processed,2025-01-16 06:09:02,,,
145,user73@example.org,TICKET_VERKAEUFE_TV20_2025_06_korrigiert.csv,20,TICKET_VERKAEUFE,2025,6,korrigiert,1481,623967.93,https://storage.example.org/mock/2025/06/TICKET_VERKAEUFE_TV20_2025_06_korrigiert.csv,processing,2025-09-01 04:39:40,54,,
146,user46@example.org,SONSTIGE_ANGEBOTE_TV10_2025_08.csv,10,SONSTIGE_ANGEBOTE,2025,8,,4413,1821661.59,https://storage.example.org/mock/2025/08/SONSTIGE_ANGEBOTE_TV10_2025_08.csv,processing,2025-11-03 09:59:12,11,,
147,user47@example.org,PLAN_UMSATZ_TV12_2024_02_final.csv,12,PLAN_UMSATZ,2024,2,final,3457,262356.63,https://storage.example.org/mock/2024/02/PLAN_UMSATZ_TV12_2024_02_final.csv,processing,2024-05-03 21:00:40,1,2025-06-15 06:17:03,
148,user38@example.org,PLAN_UMSATZ_TV12_2024_02.csv,12,PLAN_UMSATZ,2024,2,,1153,1791194.09,https://storage.example.org/mock/2024/02/PLAN_UMSATZ_TV12_2024_02.csv,processing,2025-06-05 22:22:28,20,2024-11-05 17:51:05,80
149,user42@example.org,TICKET_VERKAEUFE_TV1_2024_12_testlauf.csv,1,TICKET_VERKAEUFE,2024,12,testlauf,3616,1754078.4,https://storage.example.org/mock/2024/12/TICKET_VERKAEUFE_TV1_2024_12_testlauf.csv,processed,2024-12-29 13:10:25,,2024-07-22 01:32:54,
150,user71@example.org,TICKET_VERKAEUFE_TV8_2025_01_testlauf.csv,8,TICKET_VERKAEUFE,2025,1,testlauf,1423,1147384.67,https://storage.example.org/mock/2025/01/TICKET_VERKAEUFE_TV8_2025_01_testlauf.csv,processed,2024-08-21 20:09:28,44,,60
151,user28@example.org,SONSTIGE_ANGEBOTE_TV18_2024_08_v1.csv,18,SONSTIGE_ANGEBOTE,2024,8,v1,2649,1285420.35,https://storage.example.org/mock/2024/08/SONSTIGE_ANGEBOTE_TV18_2024_08_v1.csv,processed,2024-01-31 15:21:36,61,,33
152,user76@example.org,SONSTIGE_ANGEBOTE_TV4_2025_06.csv,4,SONSTIGE_ANGEBOTE,2025,6,,3112,74516.27,https://storage.example.org/mock/2025/06/SONSTIGE_ANGEBOTE_TV4_2025_06.csv,processed,2024-04-20 19:45:15,48,,72
153,user21@example.org,PLAN_UMSATZ_TV20_2025_02.csv,20,PLAN_UMSATZ,2025,2,,3745,850654.02,https://storage.example.org/mock/2025/02/PLAN_UMSATZ_TV20_2025_02.csv,processing,2025-06-08 17:56:34,5,2024-12-12 08:46:01,
154,user60@example.org,PLAN_UMSATZ_TV15_2024_08.csv,15,PLAN_UMSATZ,2024,8,,2948,26300.32,https://storage.example.org/mock/2024/08/PLAN_UMSATZ_TV15_2024_08.csv,processing,2025-10-15 22:18:15,69,2024-11-26 15:17:54,49
155,user4@example.org,PLAN_UMSATZ_TV18_2024_10.csv,18,PLAN_UMSATZ,2024,10,,2993,701213.93,https://storage.example.org/mock/2024/10/PLAN_UMSATZ_TV18_2024_10.csv,processing,2025-06-16 21:48:46,,2025-10-31 18:14:53,51
156,user27@example.org,TICKET_VERKAEUFE_TV12_2024_05_final.csv,12,TICKET_VERKAEUFE,2024,5,final,1819,1668811.02,https://storage.example.org/mock/2024/05/TICKET_VERKAEUFE_TV12_2024_05_final.csv,processed,2025-03-27 13:07:19,,2025-03-13 22:49:49,
157,user23@example.org,PLAN_UMSATZ_TV9_2024_09_testlauf.csv,9,PLAN_UMSATZ,2024,9,testlauf,960,694342.34,https://storage.example.org/mock/2024/09/PLAN_UMSATZ_TV9_2024_09_testlauf.csv,processing,2024-11-04 08:46:20,,,24
158,user48@example.org,PLAN_UMSATZ_TV8_2025_05_final.csv,8,PLAN_UMSATZ,2025,5,final,1716,434340.05,https://storage.example.org/mock/2025/05/PLAN_UMSATZ_TV8_2025_05_final.csv,uploaded,2025-05-02 04:45:40,23,,
159,user19@example.org,SONSTIGE_ANGEBOTE_TV7_2025_02_final.csv,7,SONSTIGE_ANGEBOTE,2025,2,final,2429,1546869.79,https://storage.example.org/mock/2025/02/SONSTIGE_ANGEBOTE_TV7_2025_02_final.csv,processed,2025-10-14 13:51:57,9,2024-02-11 20:58:41,19
160,user65@example.org,PLAN_UMSATZ_TV8_2025_06.csv,8,PLAN_UMSATZ,2025,6,,722,267317.16,https://storage.example.org/mock/2025/06/PLAN_UMSATZ_TV8_2025_06.csv,uploaded,2024-03-15 04:22:30,56,2024-11-17 09:17:26,64
161,user73@example.org,TICKET_VERKAEUFE_TV9_2024_08_v1.csv,9,TICKET_VERKAEUFE,2024,8,v1,2407,1246611.48,https://storage.example.org/mock/2024/08/TICKET_VERKAEUFE_TV9_2024_08_v1.csv,processed,2024-12-04 04:04:26,72,2025-06-19 12:06:51,74
162,user79@example.org,PLAN_UMSATZ_TV17_2025_08_testlauf.csv,17,PLAN_UMSATZ,2025,8,testlauf,2088,1198239.39,https://storage.example.org/mock/2025/08/PLAN_UMSATZ_TV17_2025_08_testlauf.csv,uploaded,2025-05-12 15:10:10,,2025-11-11 22:23:55,
163,user65@example.org,SONSTIGE_ANGEBOTE_TV11_2024_11_testlauf.csv,11,SONSTIGE_ANGEBOTE,2024,11,testlauf,4400,4408.18,https://storage.example.org/mock/2024/11/SONSTIGE_ANGEBOTE_TV11_2024_11_testlauf.csv,processing,2024-07-07 04:32:43,46,,16
164,user77@example.org,SONSTIGE_ANGEBOTE_TV4_2024_03_korrigiert.csv,4,SONSTIGE_ANGEBOTE,2024,3,korrigiert,2980,164269.97,https://storage.example.org/mock/2024/03/SONSTIGE_ANGEBOTE_TV4_2024_03_korrigiert.csv,processing,2025-01-14 10:11:57,23,2025-07-21 21:36:28,
165,user60@example.org,PLAN_UMSATZ_TV9_2024_05.csv,9,PLAN_UMSATZ,2024,5,,863,1751178.64,https://storage.example.org/mock/2024/05/PLAN_UMSATZ_TV9_2024_05.csv,processing,2025-08-12 03:16:10,16,2024-08-21 01:48:14,29
166,user70@example.org,TICKET_VERKAEUFE_TV2_2025_03.csv,2,TICKET_VERKAEUFE,2025,3,,1685,1752521.14,https://storage.example.org/mock/2025/03/TICKET_VERKAEUFE_TV2_2025_03.csv,uploaded,2024-09-09 06:24:08,42,2025-08-28 13:25:37,30
167,user80@example.org,SONSTIGE_ANGEBOTE_TV4_2024_07.csv,4,SONSTIGE_ANGEBOTE,2024,7,,4356,588717.77,https://storage.example.org/mock/2024/07/SONSTIGE_ANGEBOTE_TV4_2024_07.csv,processed,2025-07-03 00:26:19,62,,20
168,user6@example.org,PLAN_UMSATZ_TV12_2025_02_final.csv,12,PLAN_UMSATZ,2025,2,final,1169,619963.39,https://storage.example.org/mock/2025/02/PLAN_UMSATZ_TV12_2025_02_final.csv,processed,2025-03-16 03:34:06,68,,
169,user69@example.org,TICKET_VERKAEUFE_TV6_2025_10_korrigiert.csv,6,TICKET_VERKAEUFE,2025,10,korrigiert,1533,89714.36,https://storage.example.org/mock/2025/10/TICKET_VERKAEUFE_TV6_2025_10_korrigiert.csv,uploaded,2024-02-14 20:16:17,21,,70
170,user23@example.org,TICKET_VERKAEUFE_TV11_2025_02.csv,11,TICKET_VERKAEUFE,2025,2,,1285,66206.2,https://storage.example.org/mock/2025/02/TICKET_VERKAEUFE_TV11_2025_02.csv,processed,2024-04-09 23:02:48,70,2025-01-22 05:47:52,3
171,user75@example.org,SONSTIGE_ANGEBOTE_TV7_2024_08_v1.csv,7,SONSTIGE_ANGEBOTE,2024,8,v1,4956,584244.56,https://storage.example.org/mock/2024/08/SONSTIGE_ANGEBOTE_TV7_2024_08_v1.csv,uploaded,2024-09-23 01:28:38,,,
172,user65@example.org,PLAN_UMSATZ_TV6_2024_01.csv,6,PLAN_UMSATZ,2024,1,,2976,1993418.12,https://storage.example.org/mock/2024/01/PLAN_UMSATZ_TV6_2024_01.csv,processing,2025-01-13 03:16:19,7,,
173,user32@example.org,TICKET_VERKAEUFE_TV10_2025_07_testlauf.csv,10,TICKET_VERKAEUFE,2025,7,testlauf,2496,1913249.85,https://storage.example.org/mock/2025/07/TICKET_VERKAEUFE_TV10_2025_07_testlauf.csv,processed,2025-10-21 02:14:02,71,,50
174,user64@example.org,PLAN_UMSATZ_TV10_2024_05.csv,10,PLAN_UMSATZ,2024,5,,4458,1511988.31,https://storage.example.org/mock/2024/05/PLAN_UMSATZ_TV10_2024_05.csv,processed,2024-12-30 17:10:13,12,2025-03-09 18:49:41,
175,user69@example.org,SONSTIGE_ANGEBOTE_TV14_2025_02.csv,14,SONSTIGE_ANGEBOTE,2025,2,,1677,1590367.6,https://storage.example.org/mock/2025/02/SONSTIGE_ANGEBOTE_TV14_2025_02.csv,uploaded,2025-12-18 19:22:08,45,,
176,user77@example.org,SONSTIGE_ANGEBOTE_TV15_2025_04.csv,15,SONSTIGE_ANGEBOTE,2025,4,,1927,816096.85,https://storage.example.org/mock/2025/04/SONSTIGE_ANGEBOTE_TV15_2025_04.csv,processed,2025-10-21 07:28:32,,,
177,user55@example.org,TICKET_VERKAEUFE_TV12_2024_03_testlauf.csv,12,TICKET_VERKAEUFE,2024,3,testlauf,1156,1592783.41,https://storage.example.org/mock/2024/03/TICKET_VERKAEUFE_TV12_2024_03_testlauf.csv,processed,2025-09-08 04:42:12,44,,
178,user17@example.org,TICKET_VERKAEUFE_TV1_2025_05_korrigiert.csv,1,TICKET_VERKAEUFE,2025,5,korrigiert,1425,510657.75,https://storage.example.org/mock/2025/05/TICKET_VERKAEUFE_TV1_2025_05_korrigiert.csv,processed,2024-12-19 03:29:15,36,,18
179,user68@example.org,SONSTIGE_ANGEBOTE_TV13_2024_05.csv,13,SONSTIGE_ANGEBOTE,2024,5,,352,461875.79,https://storage.example.org/mock/2024/05/SONSTIGE_ANGEBOTE_TV13_2024_05.csv,processed,2025-07-10 20:25:55,46,2024-04-07 11:35:46,
180,user54@example.org,SONSTIGE_ANGEBOTE_TV2_2024_11_korrigiert.csv,2,SONSTIGE_ANGEBOTE,2024,11,korrigiert,2289,1276447.78,https://storage.example.org/mock/2024/11/SONSTIGE_ANGEBOTE_TV2_2024_11_korrigiert.csv,uploaded,2024-05-24 06:35:36,75,2025-01-15 23:02:17,61
181,user23@example.org,TICKET_VERKAEUFE_TV19_2024_10.csv,19,TICKET_VERKAEUFE,2024,10,,4690,1165756.26,https://storage.example.org/mock/2024/10/TICKET_VERKAEUFE_TV19_2024_10.csv,uploaded,2025-08-04 08:40:39,29,,59
182,user72@example.org,SONSTIGE_ANGEBOTE_TV20_2025_09_final.csv,20,SONSTIGE_ANGEBOTE,2025,9,final,2838,1540173.62,https://storage.example.org/mock/2025/09/SONSTIGE_ANGEBOTE_TV20_2025_09_final.csv,processed,2025-08-29 18:13:48,,,
183,user9@example.org,SONSTIGE_ANGEBOTE_TV5_2025_06.csv,5,SONSTIGE_ANGEBOTE,2025,6,,3299,1178898.58,https://storage.example.org/mock/2025/06/SONSTIGE_ANGEBOTE_TV5_2025_06.csv,failed,2025-08-18 09:28:09,8,,
184,user48@example.org,SONSTIGE_ANGEBOTE_TV20_2025_06_final.csv,20,SONSTIGE_ANGEBOTE,2025,6,final,3678,1324390.58,https://storage.example.org/mock/2025/06/SONSTIGE_ANGEBOTE_TV20_2025_06_final.csv,uploaded,2024-07-05 21:28:23,71,2024-02-13 15:19:39,6
185,user36@example.org,TICKET_VERKAEUFE_TV4_2024_06_testlauf.csv,4,TICKET_VERKAEUFE,2024,6,testlauf,4721,1605484.94,https://storage.example.org/mock/2024/06/TICKET_VERKAEUFE_TV4_2024_06_testlauf.csv,processed,2025-01-12 02:34:36,80,2025-02-21 13:09:49,
186,user3@example.org,TICKET_VERKAEUFE_TV6_2025_07_final.csv,6,TICKET_VERKAEUFE,2025,7,final,1347,2635.18,https://storage.example.org/mock/2025/07/TICKET_VERKAEUFE_TV6_2025_07_final.csv,uploaded,2024-07-25 11:59:22,51,2024-12-23 18:20:51,
187,user40@example.org,SONSTIGE_ANGEBOTE_TV13_2025_01.csv,13,SONSTIGE_ANGEBOTE,2025,1,,1045,796423.44,https://storage.example.org/mock/2025/01/SONSTIGE_ANGEBOTE_TV13_2025_01.csv,processed,2024-03-08 23:47:04,3,2025-01-05 03:17:55,
188,user64@example.org,SONSTIGE_ANGEBOTE_TV9_2024_01_final.csv,9,SONSTIGE_ANGEBOTE,2024,1,final,2238,1122797.96,https://storage.example.org/mock/2024/01/SONSTIGE_ANGEBOTE_TV9_2024_01_final.csv,uploaded,2024-05-05 02:20:42,58,,68
189,user65@example.org,SONSTIGE_ANGEBOTE_TV4_2024_10_final.csv,4,SONSTIGE_ANGEBOTE,2024,10,final,4165,1407323.08,https://storage.example.org/mock/2024/10/SONSTIGE_ANGEBOTE_TV4_2024_10_final.csv,processed,2025-12-20 04:10:45,,,62
190,user41@example.org,TICKET_VERKAEUFE_TV15_2024_10.csv,15,TICKET_VERKAEUFE,2024,10,,4443,78681.49,https://storage.example.org/mock/2024/10/TICKET_VERKAEUFE_TV15_2024_10.csv,processed,2025-08-30 05:33:35,75,2024-01-10 18:42:32,
191,user34@example.org,SONSTIGE_ANGEBOTE_TV8_2025_04.csv,8,SONSTIGE_ANGEBOTE,2025,4,,4469,1238659.38,https://storage.example.org/mock/2025/04/SONSTIGE_ANGEBOTE_TV8_2025_04.csv,processing,2024-02-13 15:36:21,53,,68
192,user28@example.org,PLAN_UMSATZ_TV10_2025_10_v1.csv,10,PLAN_UMSATZ,2025,10,v1,2628,1346144.48,https://storage.example.org/mock/2025/10/PLAN_UMSATZ_TV10_2025_10_v1.csv,processing,2024-01-02 08:41:32,8,2024-05-22 14:43:08,
193,user80@example.org,PLAN_UMSATZ_TV19_2024_02_korrigiert.csv,19,PLAN_UMSATZ,2024,2,korrigiert,3885,1522675.72,https://storage.example.org/mock/2024/02/PLAN_UMSATZ_TV19_2024_02_korrigiert.csv,uploaded,2025-07-31 15:58:15,41,,
194,user44@example.org,PLAN_UMSATZ_TV17_2025_03_final.csv,17,PLAN_UMSATZ,2025,3,final,4857,847893.13,https://storage.example.org/mock/2025/03/PLAN_UMSATZ_TV17_2025_03_final.csv,uploaded,2024-10-28 14:29:51,3,2025-02-17 20:50:09,30
195,user47@example.org,PLAN_UMSATZ_TV6_2025_08.csv,6,PLAN_UMSATZ,2025,8,,1572,1594505.77,https://storage.example.org/mock/2025/08/PLAN_UMSATZ_TV6_2025_08.csv,processed,2024-11-27 05:04:16,56,,6
196,user55@example.org,SONSTIGE_ANGEBOTE_TV14_2025_12_korrigiert.csv,14,SONSTIGE_ANGEBOTE,2025,12,korrigiert,3517,1422494.07,https://storage.example.org/mock/2025/12/SONSTIGE_ANGEBOTE_TV14_2025_12_korrigiert.csv,processed,2024-09-25 03:58:59,13,2025-11-19 06:04:30,
197,user16@example.org,TICKET_VERKAEUFE_TV16_2024_11_korrigiert.csv,16,TICKET_VERKAEUFE,2024,11,korrigiert,352,476639.82,https://storage.example.org/mock/2024/11/TICKET_VERKAEUFE_TV16_2024_11_korrigiert.csv,processed,2025-05-18 14:20:34,34,,
198,user23@example.org,PLAN_UMSATZ_TV20_2025_08_korrigiert.csv,20,PLAN_UMSATZ,2025,8,korrigiert,2634,43763.19,https://storage.example.org/mock/2025/08/PLAN_UMSATZ_TV20_2025_08_korrigiert.csv,processing,2025-02-08 02:29:43,69,2024-11-14 22:47:23,
199,user25@example.org,TICKET_VERKAEUFE_TV10_2024_03.csv,10,TICKET_VERKAEUFE,2024,3,,2963,531967.25,https://storage.example.org/mock/2024/03/TICKET_VERKAEUFE_TV10_2024_03.csv,processing,2024-09-30 23:56:58,,2025-07-06 05:04:24,68
200,user25@example.org,SONSTIGE_ANGEBOTE_TV8_2025_09.csv,8,SONSTIGE_ANGEBOTE,2025,9,,4599,1116919.95,https://storage.example.org/mock/2025/09/SONSTIGE_ANGEBOTE_TV8_2025_09.csv,uploaded,2025-11-24 19:17:38,33,2024-09-08 08:39:04,
201,user28@example.org,SONSTIGE_ANGEBOTE_TV3_2025_08.csv,3,SONSTIGE_ANGEBOTE,2025,8,,382,1771011.12,https://storage.example.org/mock/2025/08/SONSTIGE_ANGEBOTE_TV3_2025_08.csv,processed,2024-11-21 04:53:42,68,,
202,user56@example.org,PLAN_UMSATZ_TV20_2024_01.csv,20,PLAN_UMSATZ,2024,1,,1075,225524.82,https://storage.example.org/mock/2024/01/PLAN_UMSATZ_TV20_2024_01.csv,processed,2025-11-03 01:12:40,15,2024-02-09 11:16:41,31
203,user64@example.org,PLAN_UMSATZ_TV7_2024_09.csv,7,PLAN_UMSATZ,2024,9,,4168,1431139.1,https://storage.example.org/mock/2024/09/PLAN_UMSATZ_TV7_2024_09.csv,processed,2025-04-29 21:42:48,49,2024-09-15 05:42:01,
204,user73@example.org,TICKET_VERKAEUFE_TV12_2025_09.csv,12,TICKET_VERKAEUFE,2025,9,,1358,1102851.02,https://storage.example.org/mock/2025/09/TICKET_VERKAEUFE_TV12_2025_09.csv,processed,2025-06-11 01:25:16,,2024-02-21 16:32:16,
205,user36@example.org,SONSTIGE_ANGEBOTE_TV12_2024_03_korrigiert.csv,12,SONSTIGE_ANGEBOTE,2024,3,korrigiert,2432,877288.83,https://storage.example.org/mock/2024/03/SONSTIGE_ANGEBOTE_TV12_2024_03_korrigiert.csv,processed,2025-07-28 03:29:03,17,2025-04-10 14:54:49,
206,user1@example.org,TICKET_VERKAEUFE_TV18_2025_01.csv,18,TICKET_VERKAEUFE,2025,1,,4216,326152.41,https://storage.example.org/mock/2025/01/TICKET_VERKAEUFE_TV18_2025_01.csv,uploaded,2025-08-19 13:36:42,76,,
207,user11@example.org,TICKET_VERKAEUFE_TV7_2025_11.csv,7,TICKET_VERKAEUFE,2025,11,,3278,1917031.3,https://storage.example.org/mock/2025/11/TICKET_VERKAEUFE_TV7_2025_11.csv,uploaded,2025-11-20 19:49:31,51,2025-02-19 15:46:19,28
208,user49@example.org,SONSTIGE_ANGEBOTE_TV17_2024_06_v1.csv,17,SONSTIGE_ANGEBOTE,2024,6,v1,461,1579017.62,https://storage.example.org/mock/2024/06/SONSTIGE_ANGEBOTE_TV17_2024_06_v1.csv,processed,2024-03-02 14:47:39,59,2024-09-22 10:47:52,
209,user30@example.org,TICKET_VERKAEUFE_TV20_2025_11_testlauf.csv,20,TICKET_VERKAEUFE,2025,11,testlauf,458,562595.12,https://storage.example.org/mock/2025/11/TICKET_VERKAEUFE_TV20_2025_11_testlauf.csv,processed,2025-07-06 09:34:06,62,2025-11-11 07:30:39,
210,user11@example.org,PLAN_UMSATZ_TV2_2024_02_korrigiert.csv,2,PLAN_UMSATZ,2024,2,korrigiert,2405,1448026.11,https://storage.example.org/mock/2024/02/PLAN_UMSATZ_TV2_2024_02_korrigiert.csv,processed,2025-05-13 12:58:47,14,2024-08-12 14:56:22,
211,user74@example.org,SONSTIGE_ANGEBOTE_TV4_2025_06.csv,4,SONSTIGE_ANGEBOTE,2025,6,,2834,1503796.12,https://storage.example.org/mock/2025/06/SONSTIGE_ANGEBOTE_TV4_2025_06.csv,processed,2024-03-21 03:12:50,55,,
212,user49@example.org,SONSTIGE_ANGEBOTE_TV14_2024_12_v1.csv,14,SONSTIGE_ANGEBOTE,2024,12,v1,4215,1763496.94,https://storage.example.org/mock/2024/12/SONSTIGE_ANGEBOTE_TV14_2024_12_v1.csv,uploaded,2025-05-16 18:28:45,68,,
213,user47@example.org,TICKET_VERKAEUFE_TV4_2024_10.csv,4,TICKET_VERKAEUFE,2024,10,,2329,84229.15,https://storage.example.org/mock/2024/10/TICKET_VERKAEUFE_TV4_2024_10.csv,processed,2024-05-20 20:13:47,12,2025-04-19 19:40:13,
214,user44@example.org,TICKET_VERKAEUFE_TV13_2025_02_v1.csv,13,TICKET_VERKAEUFE,2025,2,v1,70,1001722.91,https://storage.example.org/mock/2025/02/TICKET_VERKAEUFE_TV13_2025_02_v1.csv,processing,2024-06-05 09:04:19,57,,34
215,user13@example.org,PLAN_UMSATZ_TV8_2024_02_testlauf.csv,8,PLAN_UMSATZ,2024,2,testlauf,1444,570300.59,https://storage.example.org/mock/2024/02/PLAN_UMSATZ_TV8_2024_02_testlauf.csv,processed,2025-01-06 07:05:23,26,2024-04-11 19:30:27,
216,user62@example.org,TICKET_VERKAEUFE_TV3_2025_04.csv,3,TICKET_VERKAEUFE,2025,4,,232,445994.3,https://storage.example.org/mock/2025/04/TICKET_VERKAEUFE_TV3_2025_04.csv,processed,2024-10-17 19:08:44,61,,1
217,user72@example.org,PLAN_UMSATZ_TV17_2025_02.csv,17,PLAN_UMSATZ,2025,2,,1856,799508.77,https://storage.example.org/mock/2025/02/PLAN_UMSATZ_TV17_2025_02.csv,uploaded,2024-08-21 18:27:52,16,2024-01-18 14:41:12,
218,user31@example.org,TICKET_VERKAEUFE_TV4_2025_12.csv,4,TICKET_VERKAEUFE,2025,12,,4591,1302081.04,https://storage.example.org/mock/2025/12/TICKET_VERKAEUFE_TV4_2025_12.csv,uploaded,2025-10-28 12:57:17,13,2025-11-14 17:34:27,
219,user74@example.org,SONSTIGE_ANGEBOTE_TV9_2024_08_v1.csv,9,SONSTIGE_ANGEBOTE,2024,8,v1,796,828394.05,https://storage.example.org/mock/2024/08/SONSTIGE_ANGEBOTE_TV9_2024_08_v1.csv,processed,2024-01-04 03:35:36,58,,33
220,user75@example.org,TICKET_VERKAEUFE_TV7_2024_01.csv,7,TICKET_VERKAEUFE,2024,1,,790,878371.47,https://storage.example.org/mock/2024/01/TICKET_VERKAEUFE_TV7_2024_01.csv,processed,2025-08-26 03:42:41,62,2024-08-07 17:32:53,
221,user2@example.org,SONSTIGE_ANGEBOTE_TV3_2024_08_testlauf.csv,3,SONSTIGE_ANGEBOTE,2024,8,testlauf,4931,23011.0,https://storage.example.org/mock/2024/08/SONSTIGE_ANGEBOTE_TV3_2024_08_testlauf.csv,processing,2025-06-19 21:07:13,58,,20
222,user3@example.org,SONSTIGE_ANGEBOTE_TV1_2025_05.csv,1,SONSTIGE_ANGEBOTE,2025,5,,1172,1159707.15,https://storage.example.org/mock/2025/05/SONSTIGE_ANGEBOTE_TV1_2025_05.csv,processed,2024-10-11 00:40:22,,2025-02-26 19:58:40,
223,user73@example.org,PLAN_UMSATZ_TV17_2024_07.csv,17,PLAN_UMSATZ,2024,7,,1390,1138317.33,https://storage.example.org/mock/2024/07/PLAN_UMSATZ_TV17_2024_07.csv,processed,2025-12-07 17:32:14,,2024-06-19 21:26:37,73
224,user68@example.org,SONSTIGE_ANGEBOTE_TV20_2024_01_final.csv,20,SONSTIGE_ANGEBOTE,2024,1,final,2838,289486.35,https://storage.example.org/mock/2024/01/SONSTIGE_ANGEBOTE_TV20_2024_01_final.csv,failed,2024-08-17 14:55:54,58,2024-09-01 20:19:35,63
225,user16@example.org,TICKET_VERKAEUFE_TV8_2024_04.csv,8,TICKET_VERKAEUFE,2024,4,,3576,202542.38,https://storage.example.org/mock/2024/04/TICKET_VERKAEUFE_TV8_2024_04.csv,processed,2025-02-19 05:10:03,16,2025-04-27 02:21:13,
226,user61@example.org,SONSTIGE_ANGEBOTE_TV9_2025_11_v1.csv,9,SONSTIGE_ANGEBOTE,2025,11,v1,4445,1509773.4,https://storage.example.org/mock/2025/11/SONSTIGE_ANGEBOTE_TV9_2025_11_v1.csv,processed,2025-10-28 02:15:58,,2025-02-06 05:35:09,15
227,user2@example.org,PLAN_UMSATZ_TV4_2024_07.csv,4,PLAN_UMSATZ,2024,7,,1168,1498227.69,https://storage.example.org/mock/2024/07/PLAN_UMSATZ_TV4_2024_07.csv,failed,2025-06-14 00:54:44,53,,
228,user63@example.org,SONSTIGE_ANGEBOTE_TV20_2024_03.csv,20,SONSTIGE_ANGEBOTE,2024,3,,1489,716763.65,https://storage.example.org/mock/2024/03/SONSTIGE_ANGEBOTE_TV20_2024_03.csv,processed,2025-04-20 09:47:23,15,,6
229,user25@example.org,TICKET_VERKAEUFE_TV14_2025_06_v1.csv,14,TICKET_VERKAEUFE,2025,6,v1,4010,1320193.96,https://storage.example.org/mock/2025/06/TICKET_VERKAEUFE_TV14_2025_06_v1.csv,processed,2024-01-10 00:57:33,56,,
230,user57@example.org,TICKET_VERKAEUFE_TV19_2024_01.csv,19,TICKET_VERKAEUFE,2024,1,,2875,1909145.04,https://storage.example.org/mock/2024/01/TICKET_VERKAEUFE_TV19_2024_01.csv,uploaded,2024-09-16 22:38:28,57,,
231,user35@example.org,PLAN_UMSATZ_TV5_2025_12_v1.csv,5,PLAN_UMSATZ,2025,12,v1,4554,208557.9,https://storage.example.org/mock/2025/12/PLAN_UMSATZ_TV5_2025_12_v1.csv,processing,2024-02-21 16:02:11,39,,
232,user16@example.org,PLAN_UMSATZ_TV3_2024_01_testlauf.csv,3,PLAN_UMSATZ,2024,1,testlauf,4081,244083.57,https://storage.example.org/mock/2024/01/PLAN_UMSATZ_TV3_2024_01_testlauf.csv,failed,2025-11-06 19:00:37,,2025-10-08 23:10:55,
233,user19@example.org,PLAN_UMSATZ_TV16_2025_05.csv,16,PLAN_UMSATZ,2025,5,,4391,1271406.87,https://storage.example.org/mock/2025/05/PLAN_UMSATZ_TV16_2025_05.csv,processing,2025-05-21 20:19:08,,,
234,user7@example.org,SONSTIGE_ANGEBOTE_TV1_2025_08_korrigiert.csv,1,SONSTIGE_ANGEBOTE,2025,8,korrigiert,247,742437.54,https://storage.example.org/mock/2025/08/SONSTIGE_ANGEBOTE_TV1_2025_08_korrigiert.csv,processing,2025-07-30 08:08:09,46,,12
235,user29@example.org,TICKET_VERKAEUFE_TV17_2025_03_korrigiert.csv,17,TICKET_VERKAEUFE,2025,3,korrigiert,2463,853411.11,https://storage.example.org/mock/2025/03/TICKET_VERKAEUFE_TV17_2025_03_korrigiert.csv,processed,2024-11-10 10:27:12,68,2024-08-22 07:53:52,9
236,user17@example.org,SONSTIGE_ANGEBOTE_TV9_2024_06.csv,9,SONSTIGE_ANGEBOTE,2024,6,,4557,693545.71,https://storage.example.org/mock/2024/06/SONSTIGE_ANGEBOTE_TV9_2024_06.csv,processed,2025-10-28 23:32:28,9,2024-01-11 22:24:12,3
237,user30@example.org,PLAN_UMSATZ_TV7_2025_09_korrigiert.csv,7,PLAN_UMSATZ,2025,9,korrigiert,1590,1046469.54,https://storage.example.org/mock/2025/09/PLAN_UMSATZ_TV7_2025_09_korrigiert.csv,processed,2025-08-27 00:18:37,,,
238,user16@example.org,PLAN_UMSATZ_TV20_2025_10_v1.csv,20,PLAN_UMSATZ,2025,10,v1,2007,615418.14,https://storage.example.org/mock/2025/10/PLAN_UMSATZ_TV20_2025_10_v1.csv,uploaded,2025-06-16 16:48:25,27,,1
239,user53@example.org,TICKET_VERKAEUFE_TV4_2024_08_v1.csv,4,TICKET_VERKAEUFE,2024,8,v1,1839,27878.24,https://storage.example.org/mock/2024/08/TICKET_VERKAEUFE_TV4_2024_08_v1.csv,processed,2025-02-01 11:17:51,61,2025-11-22 10:06:04,
240,user60@example.org,SONSTIGE_ANGEBOTE_TV8_2025_01.csv,8,SONSTIGE_ANGEBOTE,2025,1,,2115,1351127.69,https://storage.example.org/mock/2025/01/SONSTIGE_ANGEBOTE_TV8_2025_01.csv,processed,2024-08-23 09:20:07,,,23
241,user66@example.org,PLAN_UMSATZ_TV18_2024_06.csv,18,PLAN_UMSATZ,2024,6,,4795,1002452.3,https://storage.example.org/mock/2024/06/PLAN_UMSATZ_TV18_2024_06.csv,failed,2024-04-07 11:48:09,77,,21
242,user24@example.org,PLAN_UMSATZ_TV17_2024_09.csv,17,PLAN_UMSATZ,2024,9,,2394,1904244.24,https://storage.example.org/mock/2024/09/PLAN_UMSATZ_TV17_2024_09.csv,processed,2025-10-18 20:33:18,3,2025-03-08 14:16:13,39
243,user62@example.org,TICKET_VERKAEUFE_TV14_2024_02.csv,14,TICKET_VERKAEUFE,2024,2,,2891,1996924.72,https://storage.example.org/mock/2024/02/TICKET_VERKAEUFE_TV14_2024_02.csv,processed,2025-10-01 11:26:26,42,2024-03-29 16:02:43,
244,user4@example.org,TICKET_VERKAEUFE_TV2_2024_07_korrigiert.csv,2,TICKET_VERKAEUFE,2024,7,korrigiert,3653,1838258.48,https://storage.example.org/mock/2024/07/TICKET_VERKAEUFE_TV2_2024_07_korrigiert.csv,processed,2024-11-13 16:38:03,37,2025-05-09 15:06:02,74
245,user75@example.org,SONSTIGE_ANGEBOTE_TV8_2025_01.csv,8,SONSTIGE_ANGEBOTE,2025,1,,4189,527934.2,https://storage.example.org/mock/2025/01/SONSTIGE_ANGEBOTE_TV8_2025_01.csv,processed,2024-05-30 02:19:15,,,
246,user26@example.org,PLAN_UMSATZ_TV11_2024_04.csv,11,PLAN_UMSATZ,2024,4,,1522,430792.48,https://storage.example.org/mock/2024/04/PLAN_UMSATZ_TV11_2024_04.csv,processed,2024-01-13 14:39:08,80,2025-04-15 01:17:30,
247,user2@example.org,TICKET_VERKAEUFE_TV17_2025_12_testlauf.csv,17,TICKET_VERKAEUFE,2025,12,testlauf,3002,817758.33,https://storage.example.org/mock/2025/12/TICKET_VERKAEUFE_TV17_2025_12_testlauf.csv,failed,2025-07-18 14:31:10,52,2025-11-12 02:17:02,39
248,user12@example.org,TICKET_VERKAEUFE_TV13_2025_08_v1.csv,13,TICKET_VERKAEUFE,2025,8,v1,1290,844554.22,https://storage.example.org/mock/2025/08/TICKET_VERKAEUFE_TV13_2025_08_v1.csv,processed,2025-09-20 13:18:17,,,
249,user15@example.org,SONSTIGE_ANGEBOTE_TV5_2025_05_v1.csv,5,SONSTIGE_ANGEBOTE,2025,5,v1,3307,646992.47,https://storage.example.org/mock/2025/05/SONSTIGE_ANGEBOTE_TV5_2025_05_v1.csv,processing,2024-07-29 15:16:52,32,2025-03-12 23:13:44,55
250,user32@example.org,SONSTIGE_ANGEBOTE_TV4_2025_02_v1.csv,4,SONSTIGE_ANGEBOTE,2025,2,v1,3256,191265.62,https://storage.example.org/mock/2025/02/SONSTIGE_ANGEBOTE_TV4_2025_02_v1.csv,processed,2025-02-04 04:54:23,35,,7
