nutzer_id,benutzername,vorname,nachname,email
1,ben.müller1,Ben,Müller,user1@example.org
2,emilia.fischer2,Emilia,Fischer,user2@example.org
3,david.schneider3,David,Schneider,user3@example.org
4,ben.hoffmann4,Ben,Hoffmann,user4@example.org
5,ben.klein5,Ben,Klein,user5@example.org
6,greta.müller6,Greta,Müller,user6@example.org
7,anna.schmidt7,Anna,Schmidt,user7@example.org
8,david.fischer8,David,Fischer,user8@example.org
9,isabel.klein9,Isabel,Klein,user9@example.org
10,anna.hoffmann10,Anna,Hoffmann,user10@example.org
11,david.hoffmann11,David,Hoffmann,user11@example.org
12,greta.fischer12,Greta,Fischer,user12@example.org
13,hannes.klein13,Hannes,Klein,user13@example.org
14,emilia.müller14,Emilia,Müller,user14@example.org
15,clara.wagner15,Clara,Wagner,user15@example.org
16,felix.weber16,Felix,Weber,user16@example.org
17,clara.fischer17,Clara,Fischer,user17@example.org
18,felix.schmidt18,Felix,Schmidt,user18@example.org
19,ben.wagner19,Ben,Wagner,user19@example.org
20,ben.meyer20,Ben,Meyer,user20@example.org
21,felix.klein21,Felix,Klein,user21@example.org
22,emilia.müller22,Emilia,Müller,user22@example.org
23,hannes.hoffmann23,Hannes,Hoffmann,user23@example.org
24,ben.wagner24,Ben,Wagner,user24@example.org
25,ben.hoffmann25,Ben,Hoffmann,user25@example.org
26,emilia.klein26,Emilia,Klein,user26@example.org
27,felix.klein27,Felix,Klein,user27@example.org
28,david.schmidt28,David,Schmidt,user28@example.org
29,anna.fischer29,Anna,Fischer,user29@example.org
30,emilia.schmidt30,Emilia,Schmidt,user30@example.org
31,david.schmidt31,David,Schmidt,user31@example.org
32,greta.weber32,Greta,Weber,user32@example.org
33,hannes.meyer33,Hannes,Meyer,user33@example.org
34,clara.meyer34,Clara,Meyer,user34@example.org
35,felix.fischer35,Felix,Fischer,user35@example.org
36,emilia.schmidt36,Emilia,Schmidt,user36@example.org
37,jonas.schneider37,Jonas,Schneider,user37@example.org
38,isabel.fischer38,Isabel,Fischer,user38@example.org
39,clara.becker39,Clara,Becker,user39@example.org
40,greta.weber40,Greta,Weber,user40@example.org
41,isabel.fischer41,Isabel,Fischer,user41@example.org
42,felix.müller42,Felix,Müller,user42@example.org
43,david.müller43,David,Müller,user43@example.org
44,felix.wagner44,Felix,Wagner,user44@example.org
45,emilia.schmidt45,Emilia,Schmidt,user45@example.org
46,david.klein46,David,Klein,user46@example.org
47,felix.fischer47,Felix,Fischer,user47@example.org
48,hannes.wagner48,Hannes,Wagner,user48@example.org
49,hannes.schneider49,Hannes,Schneider,user49@example.org
50,emilia.schneider50,Emilia,Schneider,user50@example.org
51,david.hoffmann51,David,Hoffmann,user51@example.org
52,isabel.weber52,Isabel,Weber,user52@example.org
53,jonas.wagner53,Jonas,Wagner,user53@example.org
54,jonas.wagner54,Jonas,Wagner,user54@example.org
55,felix.fischer55,Felix,Fischer,user55@example.org
56,clara.hoffmann56,Clara,Hoffmann,user56@example.org
57,hannes.schmidt57,Hannes,Schmidt,user57@example.org
58,anna.schmidt58,Anna,Schmidt,user58@example.org
59,clara.schneider59,Clara,Schneider,user59@example.org
60,greta.klein60,Greta,Klein,user60@example.org
61,ben.wagner61,Ben,Wagner,user61@example.org
62,greta.klein62,Greta,Klein,user62@example.org
63,hannes.hoffmann63,Hannes,Hoffmann,user63@example.org
64,emilia.hoffmann64,Emilia,Hoffmann,user64@example.org
65,anna.schmidt65,Anna,Schmidt,user65@example.org
66,isabel.weber66,Isabel,Weber,user66@example.org
67,felix.schmidt67,Felix,Schmidt,user67@example.org
68,emilia.wagner68,Emilia,Wagner,user68@example.org
69,clara.becker69,Clara,Becker,user69@example.org
70,anna.weber70,Anna,Weber,user70@example.org
71,isabel.schneider71,Isabel,Schneider,user71@example.org
72,isabel.schmidt72,Isabel,Schmidt,user72@example.org
73,emilia.hoffmann73,Emilia,Hoffmann,user73@example.org
74,jonas.fischer74,Jonas,Fischer,user74@example.org
75,clara.meyer75,Clara,Meyer,user75@example.org
76,clara.hoffmann76,Clara,Hoffmann,user76@example.org
77,isabel.müller77,Isabel,Müller,user77@example.org
78,jonas.meyer78,Jonas,Meyer,user78@example.org
79,hannes.müller79,Hannes,Müller,user79@example.org
80,ben.meyer80,Ben,Meyer,user80@example.org
